{"cameraMode":{"drawMode":0,"name":"Shaded","section":"Shading Mode"},"sceneLighting":true,"audioPlay":false,"sceneViewState":{"showFog":true,"showMaterialUpdate":false,"showSkybox":true,"showFlares":true,"showImageEffects":true,"showParticleSystems":true},"in2DMode":false,"pivot":{"x":152.79653930664063,"y":117.35935974121094,"z":396.7043762207031},"rotation":{"x":0.05276169627904892,"y":0.008684453554451466,"z":0.00045809001312591136,"w":-0.9985693097114563},"size":606.223388671875,"orthographic":false}