{"cameraMode":{"drawMode":0,"name":"Shaded","section":"Shading Mode"},"sceneLighting":true,"audioPlay":false,"sceneViewState":{"showFog":true,"showMaterialUpdate":false,"showSkybox":true,"showFlares":true,"showImageEffects":true,"showParticleSystems":true},"in2DMode":false,"pivot":{"x":-2.330169200897217,"y":1.0969728231430054,"z":-0.8387155532836914},"rotation":{"x":-0.23608264327049256,"y":-0.23367449641227723,"z":0.05859988555312157,"w":-0.9413965344429016},"size":16.29808807373047,"orthographic":false}